ITEM_ID,DESCRIPTION,CONTAINER_ID,LOCATION_ID,TROUBLE_CODE,RECEIPT_DATE,UNIT_QTY,REMARKS,REMARKS2,Dept.,Avg. Cost,TC Cost Value,DEPT NAME,SUB CLASS NAME,Price,SP,MD
167799339,Gradient TV Unit - Black,R20265001303743,7A0AJ1540101,15,25-May-25,1,MCD,11-JUNE-26*21036706372220260606*DAMAGE TOP MARBLE DD*FULL CTN*RIYADH FWH*9484054,333,"1,245","1,245",Living,Media Units,2599,1559,40%
168466681,Edge 8 Seater Dining Table Top - Dark Walnut,R20255001248597,7A0AJ1540101,15,22-Dec-25,1,MCD,28-FEB-26*68244443236*DAMAGE MARBLE TP DD*FULL CTN*RIYADH FWH*9072090,332,"1,976","1,976",#N/A,#N/A,#N/A,#N/A,#N/A
165794904,Kris 6 Seater Dining Chair - White and Black,222420000000777123,7A0AJ1540101,15,29-Jan-26,1,MCD,FLOOR HANDALING DAMAGE,332,217,217,#N/A,#N/A,#N/A,#N/A,#N/A
166548090,Herald coffee table - Walnut,R20265001303034,7A0AJ1540101,15,13-Jan-26,1,MCD,23-MAY-26*21036515040320260516*DAMAGE TD*FULL CTN*RIYADH FWH*9413745,334,718,718,Sofas & Tables,Coffee Tables,1599,1599,0%
160415325,HAILEY 3DRAWER CHEST 2/2,R20265001302540,7A0AJ1540101,15,9-Mar-26,1,MCD,09-MAY-26*21049201678920260430*FIXING ERROR & MISSING*DRWR FRONT 1 PC & HANDLE 2 PCS*JIZAN  FWH*9350674,361,208,208,#N/A,#N/A,#N/A,#N/A,#N/A
155387496,Betrib Bar chair -Blk/Wht,222420000000929919,7A0AJ1540101,15,6-Nov-25,1,MCD,13-JUNE-26*6126052543542*DAMAGE LEATHER TD*FULL CTN*RIYADH FWH*9486462,332,166,166,Dining,Bar Chair & Stools,479,479,0%
161188681,Victor New 8str  Dining Table-Brown-Table Top,22240000000174171,7A0AJ1540101,15,2-Jan-25,1,MCD,28-MARCH-26*68248119100*MISSING *HARDWARE*ABHA FWH*9185517,332,780,780,#N/A,#N/A,#N/A,#N/A,#N/A
165748688,May Bookcase with Glass Doors - Top panel/Bottom panel,R20265001201340,7A0AJ1540101,15,2-Dec-24,1,MCD,26-APR-26*68249474240*DAMAGE GLASS DOOR & SIDEPANEL WATER DROPS DD*FULL CTN*BURAIDHA FWH*9306389,333,275,275,#N/A,#N/A,#N/A,#N/A,#N/A
168498713,Roselyn 8 Seater Dining Table Top - Travertine,R20265001303672,7A0AJ1540101,15,21-Jan-26,1,MCD,13-JUNE-26*6126053149336*DAMAGE TOP MARBLE TD*FULL CTN*RIYADH FWH*9491552,332,"1,155","1,155",#N/A,#N/A,#N/A,#N/A,#N/A
166598268,Gemini Buffet - White and Gold,R20255001242786,7A0AJ1540101,15,7-Apr-26,1,MCD,22-SEP-25*68226219018*DAMAGE TOP & SIDE DD* FULL CTN*RIYADH  FWH*8262971,332,"1,623","1,623",Dining,Sideboards & Mirror,4299,4299,0%
168498799,Rianna Sideboard - Natural Walnut-1/3,200422040001096115,7A0AJ1540101,15,27-Dec-25,1,MCD,FLOOR HANDALING DAMAGE,332,479,479,#N/A,#N/A,#N/A,#N/A,#N/A
167505837,Huma Rotating Bookcase -Carton 1,R20265001302886,7A0AJ1540101,15,3-Sep-25,1,MCD,18-MAY-26*68251157660*CCC COMPLAINT SIDE HANGER CLIP COLOR DIFFERENT*FULL CTN*RIYADH FWH*9390816,361,330,330,#N/A,#N/A,#N/A,#N/A,#N/A
168959005,Verto Compact Dressing Table with stool - Cabinet body,R20265001302902,7A0AJ1540101,15,6-Mar-26,1,MCD,19-MAY-26*21036515997420260508*QUALITY ISSUE LIGHT NOT WORKING*FULL CTN*RIYADH FWH*9395229,331,336,336,#N/A,#N/A,#N/A,#N/A,#N/A
167532909,Yenn Kitchen Island - White-Base,222420000000601242,7A0AJ1540101,15,23-Apr-26,1,MCD,,332,190,190,#N/A,#N/A,#N/A,#N/A,#N/A
165683624,Stellar Ace 120 cm Headboard (N) - Light Beige,222420000000801018,7A0AJ1540101,15,25-Dec-24,1,MCD,,331,601,601,Bedroom,Modular Bedroom,1099,329,70%
168271746,Kay 5 door Swing Wardrobe - TOP/BOTTOM,R20265001304100,7A0AJ1540101,15,16-Sep-25,1,MCD,02-JUNE-26*68252644222*MISSING*4 PC HINGESH*JIZAN FWH*9443049,331,631,631,#N/A,#N/A,#N/A,#N/A,#N/A
168297948,Maritus Dining Fabric Arm Chair Base - Rusty,222420000000574007,7A0AJ1540101,15,9-Feb-26,1,MCD,11-APR-2026*R1-9407721036*CUSTOMER RETURN*RYD*GTM NO (064836),332,134,134,#N/A,#N/A,#N/A,#N/A,#N/A
165767107,Nordic 6 Seater Dining Table -Top,222420000000703266,7A0AJ1540101,15,30-Jul-25,1,MCD,"""16-APR-2026*R1-8679821040*CUSTOMER RETURN*RYD*GTM NO (048964)""",332,545,545,#N/A,#N/A,#N/A,#N/A,#N/A
167041846,Ela Dining Chair - Beige and Brass,222420000000703404,7A0AJ1540101,15,28-Sep-25,1,MCD,,332,245,245,Dining,Chairs,599,599,0%
168060654,BP-Countryside 5 drawer Chest of Drawer - R/L sides/drawer inner boards/backside/hw,R20265001303980,7A0AJ1540101,15,12-Aug-25,1,MCD,04-JUNE-26*6126052524368*MISSING 4 PES LEG SUPPORT STEEL PART NO (K) 2 PES & PART NO (L) 2  QI *FULL CTN*RIYADH FWH*9450127,331,373,373,#N/A,#N/A,#N/A,#N/A,#N/A
165617340,Olino end table - White/Oak - Top,R20265001303953,7A0AJ1540101,15,24-Dec-25,1,MCD,03-JUNE-26*21036515012520260511*TOP SUPPORT WOODEN PLATE QI*MISSING*RIYADH FWH*9444657,334,424,424,#N/A,#N/A,#N/A,#N/A,#N/A
162873492,Eliana 12 Seater Dining Table 1/5 - White,22240000000697756,7A0AJ1540101,15,20-Oct-24,1,MCD,,332,426,426,#N/A,#N/A,#N/A,#N/A,#N/A
168541223,Hugo 4 door Swing Wardrobe - Side panel,222420000000819088,7A0AJ1540101,15,16-Feb-26,1,MCD,26-MAY-26*68252742977*MISSING BACKPANEL*FULL CTN*RIYADH FWH*9425708,331,398,398,#N/A,#N/A,#N/A,#N/A,#N/A
168532185,Aero 4 Seater Top - White and Black,R20265001302909,7A0AJ1540101,15,29-Dec-25,1,MCD,19-MAY-26*40032201038720260512*DAMAGE MARBLE TOP DD*FULL CTN*ABHA FWH*9396375,332,693,693,#N/A,#N/A,#N/A,#N/A,#N/A
155483467,Cairo Set of 3 Wall Cube-Blk,C7922089,HC_DMG_STG16,11,11-Jun-26,1,MCD,,333,63,63,Living,Shelves,149,29,80%
165794906,Kris 6 Seater Dining table Base - White and Black,222420000000834618,7A0AJ1540101,15,26-Feb-26,1,MCD,07-MAR-2026*R1-9384621049*CUSTMER RETURN*JIZAN*GTM NO(029043),332,290,290,#N/A,#N/A,#N/A,#N/A,#N/A
166974061,Liza Coffee / Bar Station - Oak and Black,R20265001302702,7A0AJ1540101,15,18-Apr-26,1,MCD,12-MAY-26*68251197897*DAMAGE MARBLE TOP DD*FULL CTN *RIYADH   FWH*9369224,332,636,636,Dining,Bar Counter & Curios,1299,1299,0%
168116383,Zen 5 door Swing Wardrobe?- Shelf panels,222420000000875045,7A0AJ1540101,15,16-Mar-26,1,MCD,16-MAY-26*21040203791420260424*DAMAGE  DD & HARDWARE MISSING*FULL CTN*RIYADH FWH*9384640,331,317,317,#N/A,#N/A,#N/A,#N/A,#N/A
166841576,BP Heaven 6 Seater Dining Top - Black Ceramic,222420000000805872,7A0AJ1540101,15,12-May-26,1,MCD,19-MAY-26*68252197745*DAMAGE TOP DD*FULL CTN*ABHA FWH*9393225,332,564,564,Dining,6 Seater,1099,1099,0%
168297950,Maritus Dining Fabric Arm Chair Seat - Rusty,222420000000574011,7A0AJ1540101,15,9-Feb-26,1,MCD,11-APR-2026*R1-9407721036*CUSTOMER RETURN*RYD*GTM NO (064836),332,136,136,#N/A,#N/A,#N/A,#N/A,#N/A
168297948,Maritus Dining Fabric Arm Chair Base - Rusty,222420000000574005,7A0AJ1540101,15,9-Feb-26,1,MCD,11-APR-2026*R1-9407721036*CUSTOMER RETURN*RYD*GTM NO (064836),332,134,134,#N/A,#N/A,#N/A,#N/A,#N/A
168611728,Trooper New Gaming Desk - White/Black,R20265001303721,7A0AJ1540101,15,8-Dec-25,1,MCD,10-JUNE-26*68252267784*DAMAGE TOP PLASTICE DECOR DD*FULL CTN*RIYADH FWH*9476848,333,835,835,Living,Gaming Desks,1799,1799,0%
167488758,Credence Coffee Table High - Top,222420000000752636,7A0AJ1540101,15,14-May-26,1,MCD,,334,176,176,#N/A,#N/A,#N/A,#N/A,#N/A
167537394,Verve 180x200 King Bed - Mattress panel/support legs/side panel,R20265001302940,7A0AJ1540101,15,14-Jul-25,1,MCD,20-MAY-26*68252406088*DAMAGE  DD & COLOR REMOVED*FULL CTN*RIYADH FWH*9401025,331,317,317,#N/A,#N/A,#N/A,#N/A,#N/A
162873494,Eliana 12 Seater Dining Table 3/5 - White,222420000000734697,7A0AJ1540101,15,10-Jun-26,1,MCD,FLOOR HANDALING DAMAGE,332,409,409,#N/A,#N/A,#N/A,#N/A,#N/A
166242622,Parlin New Dining Chair - Grey,22240000000702757,7A0AJ1540101,15,17-Apr-25,1,MCD,06-APR-2026*R1-8781421036*CUSTOMER RETURN*RIYADH*GTM 048726,332,233,233,Dining,Chairs,499,149,70%
167488394,Kia Dining Chair - Ivory and Gold,22240000000183896,7A0AJ1540101,15,19-Nov-25,1,MCD,30-MARCH-26*21036706311820260325*QUALITY ISSUE BACK REST DOUBLE & LEFT FRONT MISSING* FULL CTN*RIYADH  FWH*9200493,332,245,245,Dining,Chairs,599,599,0%
165858093,Finnley end  table - Walnut/Gold 2,R20265001302705,7A0AJ1540101,15,15-Feb-26,1,MCD,13-MAY-26*68251828308*MISSING*HARDWARE*HAIL FWH*9372980,334,214,214,#N/A,#N/A,#N/A,#N/A,#N/A
165281027,Dreamland Chest with Changer - Cream/Oak,R20265001302755,7A0AJ1540101,15,3-Mar-26,1,MCD,14-MAY-26*68250996338*DAMAGE DD* FULL CTN*RIYADH FWH*9374864,361,283,283,Kids Furniture,Nursery Chest of Drawers,679,679,0%
166457565,Harmon coffee table - Gold,25HC19232940022736,7A0AJ1540101,15,24-Dec-25,1,MCD,,334,"1,479","1,479",Sofas & Tables,Coffee Tables,3299,3299,0%
168958998,Verto 6 Door Wardrobe - Top and bottom,R20265001304067,7A0AJ1540101,15,6-Mar-26,1,MCD,01-JUNE-26*21037501691120260518*DOOR SENSOR 2 PCS HOLDER*MISSING*TABUK FWH*9438706,331,349,349,#N/A,#N/A,#N/A,#N/A,#N/A
163421382,Arc Dining Chair - Grey and Black,222420000000842003,7A0AJ1540101,15,28-Feb-26,1,MCD,,332,194,194,Dining,Chairs,549,549,0%
168182325,Milton 6 Seater Dining Table Top- Walnut,222420000000730802,7A0AJ1540101,15,12-Nov-25,1,MCD,POSPONED VEHICAL INTANSIT DAMAGE,332,349,349,#N/A,#N/A,#N/A,#N/A,#N/A
165794905,Kris 6 Seater Dining Table Top - White and Black,222420000000777125,7A0AJ1540101,15,29-Jan-26,1,MCD,FLOOR HANDALING DAMAGE,332,294,294,#N/A,#N/A,#N/A,#N/A,#N/A
168959021,Verto 160x200 Queen Bed With Hydraulic and Drawer Storage - Heaboard,R20265001302555,7A0AJ1540101,15,8-Mar-26,1,MCD,09-MAY-26*68249687386*DAMAGE  DD*FULL CTN*RIYADH   FWH*9352429,331,294,294,#N/A,#N/A,#N/A,#N/A,#N/A
162788697,Warner 180x200 King Bed - HEADBOARD,R20265001302390,7A0AJ1540101,15,19-Aug-25,1,MCD,03-MAY-26*40124503186220260325*CCC COMPLAINT HB DAMAGE* FULL CTN*RIYADH FWH*9327823,331,272,272,#N/A,#N/A,#N/A,#N/A,#N/A
163815643,Nuevo 8 Seater Dining Table Top - Walnut,R20265001202628,7A0AJ1540101,15,19-Jul-25,1,MCD,26-APR-26*21037201381920260401*DAMAGE MARBLE TOP  DD *FULL CRN*TABUK   FWH*9306313,332,"1,057","1,057",#N/A,#N/A,#N/A,#N/A,#N/A
165947982,Faris Accent Chair- Beige - Base,22240000000553378,7A0AJ1540101,15,18-Sep-24,1,MCD,,334,461,461,#N/A,#N/A,#N/A,#N/A,#N/A
166973695,Dylan 4 Seater Dining Table Top -White Wash,R20265001303664,7A0AJ1540101,15,14-Sep-24,1,MCD,13-JUNE-26*6126060906341*DAMAGE TOP TD*FULL CTN*RIYADH FWH*9490824,332,206,206,#N/A,#N/A,#N/A,#N/A,#N/A
165908993,Leila 1+8 Dining Table Top- Champagne,222420000000832868,7A0AJ1540101,15,8-May-25,1,MCD,,332,"1,006","1,006",#N/A,#N/A,#N/A,#N/A,#N/A
168899510,Somerton Low Tufted 200x200 Super King Bed - Footboard/side rail/slats/hardware/middle supporter/middle legs/legs,R20265001303844,7A0AJ1540101,15,18-Feb-26,1,MCD,07-JUNE-26*68252323332* HARDWARE QI*MISSING*RIYADH FWH*9462320,331,"1,121","1,121",#N/A,#N/A,#N/A,#N/A,#N/A
163120568,Petra 180x200 Bed - STRUCTURAL STRIPS/HARDWARE BAGS/FITTINGS/AI MANUAL,R20265001303837,7A0AJ1540101,15,7-Oct-25,1,MCD,07-JUNE-26*21042160971020260523*DAMAGE SIDE DD*FULL CTN*RIYADH FWH*9465453,331,626,626,#N/A,#N/A,#N/A,#N/A,#N/A
167995355,Orebro coffee table - Walnut-Top,222420000000801714,7A0AJ1540101,15,17-Jul-25,1,MCD,POSPONED VEHICAL INTANSIT DAMAGE,334,613,613,#N/A,#N/A,#N/A,#N/A,#N/A
167527080,Trystan coffee table - Gold,222420000000801711,7A0AJ1540101,15,12-Jan-25,1,MCD,POSPONED VEHICAL INTANSIT DAMAGE,334,634,634,Sofas & Tables,Coffee Tables,1699,1699,0%
167024678,Breeze Cabinet for Washing Machine - HG White/Chrome,222420000000833321,7A0AJ1540101,15,24-May-25,1,MCD,10-MAR-26*68245497775*MISSING*HARDWARE*RIYADH FWH*9120890,331,272,272,Bedroom,Laundry Furniture,699,699,0%
168297948,Maritus Dining Fabric Arm Chair Base - Rusty,222420000000574009,7A0AJ1540101,15,9-Feb-26,1,MCD,11-APR-2026*R1-9407721036*CUSTOMER RETURN*RYD*GTM NO (064836),332,134,134,#N/A,#N/A,#N/A,#N/A,#N/A
158510971,Petra 2Dr Wide Sldng Wdrb - 4 DOORS FRONTS ELEMENTS/DRW STRUCTURES,222420000000844709,7A0AJ1540101,15,26-Mar-26,1,MCD,DRWR FRAME 3 SET DAMAGE,331,499,499,#N/A,#N/A,#N/A,#N/A,#N/A
165767107,Nordic 6 Seater Dining Table -Top,22240000000292623,7A0AJ1540101,15,22-Sep-25,1,MCD,"""16-APR-2026*R1-8679821040*CUSTOMER RETURN*RYD*GTM NO (048964)""",332,545,545,#N/A,#N/A,#N/A,#N/A,#N/A
167262439,Lexton Dining Side Chair - Wenge,24HC23475640001224,7A0AJ1540101,15,28-Aug-25,1,MCD,01-APR-26*68243053364*CCC APPROVAL DAMAGE BACKREST* FULL CTN*ABHA FWH*9205728,332,267,267,#N/A,#N/A,#N/A,#N/A,#N/A
166041622,Melissa 4 Drawer/2 Door Dresser With Mirror - dresser,222420000000778249,7A0AJ1540101,15,2-Mar-26,1,MCD,,331,"1,044","1,044",#N/A,#N/A,#N/A,#N/A,#N/A
165794905,Kris 6 Seater Dining Table Top - White and Black,R20255001248770,7A0AJ1540101,15,13-Nov-25,1,MCD,23-FEB-26*68197690648*MCD APPROVAL TOP & LEG PART REMPVED*FULL CTN*RIYADH FWH*9048445,332,294,294,#N/A,#N/A,#N/A,#N/A,#N/A
165794904,Kris 6 Seater Dining Chair - White and Black,222420000000834615,7A0AJ1540101,15,26-Feb-26,1,MCD,07-MAR-2026*R1-9384621049*CUSTMER RETURN*JIZAN*GTM NO(029043),332,217,217,#N/A,#N/A,#N/A,#N/A,#N/A
165794904,Kris 6 Seater Dining Chair - White and Black,222420000000834617,7A0AJ1540101,15,26-Feb-26,1,MCD,07-MAR-2026*R1-9384621049*CUSTMER RETURN*JIZAN*GTM NO(029043),332,217,217,#N/A,#N/A,#N/A,#N/A,#N/A
168116378,Zen 3 door Swing Wardrobe - Side/Middle and back panels,R20265001302693,7A0AJ1540101,15,18-Feb-26,1,MCD,12-MAY-26*68250446879*DAMAGE DD*FULL CTN*RIYADH FWH*9368339,331,215,215,#N/A,#N/A,#N/A,#N/A,#N/A
163900422,BP-Verona 180x200 king Bed base -Slat,22240000000333967,7A0AJ1540101,15,26-Nov-23,1,MCD,,331,288,288,#N/A,#N/A,#N/A,#N/A,#N/A
164401191,Police car bed 90x190 Single Bed-1/4,222420000000801192,7A0AJ1540101,15,13-Jul-25,1,MCD,,361,508,508,#N/A,#N/A,#N/A,#N/A,#N/A
168959012,Verto Compact Dressing Table with stool - Drawers,222420000000730557,7A0AJ1540101,15,4-Jun-26,1,MCD,04-JUNE-26*21040203805620260502*DAMAGE PART DD*FULL CTN*RIYADH FWH*9452974,331,329,329,#N/A,#N/A,#N/A,#N/A,#N/A
166277606,Bunsen 6 Seater Dining Top - Walnut,R20265001302257,7A0AJ1540101,15,20-Apr-26,1,MCD,29-APR-26*40032201003220260421*DAMAGE TOP DD & HARDWARE MISSING*FULL CTN*ABHA FWH*9313706,332,290,290,#N/A,#N/A,#N/A,#N/A,#N/A
165044737,Anders 2 Drawer Nightstand-Oak/Black/Glass,22240000000422174,7A0AJ1540101,15,13-Aug-25,1,MCD,13-JUNE-26*40098161794320260526*MISSING QI*CHARGER*ABHA FWH*9491313,331,232,232,Bedroom,Night Stands,579,579,0%
166599788,Pebble Tv Unit - Walnut/Travertine,222420000000801016,7A0AJ1540101,15,12-May-26,1,MCD,,333,"1,784","1,784",Living,Media Units,3799,3799,0%
166917559,Hadley Tv unit - Back panel,222420000000839520,7A0AJ1540101,15,22-Jun-25,1,MCD,02-JUNE-26* 6126052102104*MISSING*BACK PANEL*RIYADH FWH*9440897,333,106,106,#N/A,#N/A,#N/A,#N/A,#N/A
168543678,Freda Coffee Table-Beige/ Brown-1,R20265001302527,7A0AJ1540101,15,15-Feb-26,1,MCD,07-MAY-26*68251360775*DAMAGE TOP DD*FULL CTN*ABHA FWH*9346415,334,327,327,#N/A,#N/A,#N/A,#N/A,#N/A
169033512,Verto Lift Top Coffee Table-Beige/Walnut,R20265001302997,7A0AJ1540101,15,18-May-26,1,MCD,21-MAY-26*21040674454520260517*DAMAGE MARBLE TOP TD*FULL CTN*RIYADH FWH*9405886,334,570,570,Sofas & Tables,Coffee Tables,999,999,0%
164575281,Loan TV unit - 3,222420000000819398,7A0AJ1540101,15,6-Jan-26,1,MCD,05-MAY-26*68251358015*MISSING*DRWR SIDE 1 PC*RIYADH FWH*9340292,333,169,169,#N/A,#N/A,#N/A,#N/A,#N/A
166111153,Lucas - SIDE PANEL/MIDDLE PANEL/BACK PANEL - 2/3,R20265001303788,7A0AJ1540101,15,16-Oct-25,1,MCD,11-JUNE-26*21138201355720260530*MISSING QI*1 PC BACK PANEL*RIYADH FWH*9482586,361,301,301,#N/A,#N/A,#N/A,#N/A,#N/A
165240309,Evren TV Unit - Gold,R20265001304126,7A0AJ1540101,15,2-Mar-25,1,MCD,26-MAY-26*68253063573*DAMAGE MARBLE TOP DD*FULL CTN*RIYADH FWH*9423267,333,"1,506","1,506",Living,Media Units,3499,1749,50%
165358944,Winniepeg Dining Chair - Tan,222420000000867105,7A0AJ1540101,15,15-Feb-26,1,MCD,30-MAR-2026*3473519*21042*RIMAL,332,133,133,Dining,Chairs,299,299,0%
161608644,Colton 120x200 Bed HEAD PANEL /FOOT BOARD/MATTRESS BOARD/SHELF/DOOR/FIX/HARDWARE - Waton Oak,R20265001303053,7A0AJ1540101,15,15-Jan-26,1,MCD,24-MAY-26*40121500568320260315*CCC APPROVAL  FB DAMAGE*FULL CTN*RIYADH FWH*9418098,331,291,291,#N/A,#N/A,#N/A,#N/A,#N/A
165683797,Stellar 180 x 200 cm Hydraulic Base - SR+CR+Cylinder+MS+Hardware-Grey,R20265001303055,7A0AJ1540101,15,14-Dec-25,1,MCD,23-MAY-26*21036515433720260114*DAMAGE SIDERAIL DD*FULL CTN*RIYADH FWH*9415925,331,289,289,#N/A,#N/A,#N/A,#N/A,#N/A
160869152,BP Ken Buffet-Cream,222420000000730660,7A0AJ1540101,15,26-Mar-26,1,MCD,,332,"1,323","1,323",Dining,Sideboards & Mirror,2299,2299,0%
167024678,Breeze Cabinet for Washing Machine - HG White/Chrome,22240000000717917,7A0AJ1540101,15,24-May-25,1,MCD,21-OCT-25*68230670743*DAMAGE BACKPANEL DD & 2 PCS HANDLE MISSING*FULL CTN*RIYADH  FWH*8402203,331,272,272,Bedroom,Laundry Furniture,699,699,0%
165794905,Kris 6 Seater Dining Table Top - White and Black,222420000000921522,7A0AJ1540101,15,13-Nov-25,1,MCD,16-MAY-26*40032202252520250321*CCC APPROVAL  TOP & LEG FIXING PART REMOVED*FULL CTN*ABHA FWH*9378712,332,294,294,#N/A,#N/A,#N/A,#N/A,#N/A
165782062,Sven Dining Chair back  - Beige and Oak,R20265001303659,7A0AJ1540101,15,8-Mar-26,1,MCD,13-JUNE-26*6126060491147*MISSING QI*PART NO. 3 (4) PCS*RIYADH FWH*9487225,332,94,94,#N/A,#N/A,#N/A,#N/A,#N/A
168569584,Qila Dining Chair - Velvet,R20265001303856,7A0AJ1540101,15,28-Jan-26,1,MCD,07-JUNE-26*68252670172*DAMAGE PART DD*FULL CTN*RIYADH FWH*9466087,332,279,279,Dining,Chairs,699,699,0%
168959035,Verto 180x200 King Bed With Hydraulic and Drawer Storage - Hydraulic,R20265001302864,7A0AJ1540101,15,6-Mar-26,1,MCD,17-MAY-26*21040504904520260504*FIXING ERROR  HYDROUC BENT*FULL CTN*RIYADH FWH*9388866,331,322,322,#N/A,#N/A,#N/A,#N/A,#N/A
167926633,Rudnick new Accent chair ts - Beige,222420000000835595,7A0AJ1540101,15,2-Mar-26,1,MCD,11-APR-2026*R1-9454321036*CUSTOMER RETURN*RYD*GTM NO (064771),332,258,258,#N/A,#N/A,#N/A,#N/A,#N/A
168297948,Maritus Dining Fabric Arm Chair Base - Rusty,222420000000574006,7A0AJ1540101,15,9-Feb-26,1,MCD,11-APR-2026*R1-9407721036*CUSTOMER RETURN*RYD*GTM NO (064836),332,134,134,#N/A,#N/A,#N/A,#N/A,#N/A
167777404,BP Warden New 4 Seater Dining Chair- Grey and Chrome,R20265001302641,7A0AJ1540101,15,15-Jun-25,1,MCD,11-MAY-26*40034204166920260412*QUALITY ISSUE CUSHION STAPLER PIN FIXED ON SEAT BY SUPPLAIR*FULL CTN*JOUF   FWH*9362727,332,157,157,#N/A,#N/A,#N/A,#N/A,#N/A
165767107,Nordic 6 Seater Dining Table -Top,22240000000292618,7A0AJ1540101,15,16-Jul-25,1,MCD,"""16-APR-2026*R1-8679821040*CUSTOMER RETURN*RYD*GTM NO (048964)""",332,545,545,#N/A,#N/A,#N/A,#N/A,#N/A
165358944,Winniepeg Dining Chair - Tan,222420000000778115,7A0AJ1540101,15,26-Jan-26,1,MCD,28-MARCH-26*'''40032202574620251115*MISSING BACK SUPPORT STEEL &  DIRTY* FULL CTN*ABHA FWH*9185361,332,133,133,Dining,Chairs,299,299,0%
165358944,Winniepeg Dining Chair - Tan,222420000000778116,7A0AJ1540101,15,26-Jan-26,1,MCD,28-MARCH-26*'''40032202574620251115*MISSING BACK SUPPORT STEEL &  DIRTY* FULL CTN*ABHA FWH*9185361,332,133,133,Dining,Chairs,299,299,0%
165406350,Havana Buffet-Walnut,R20245001222755,7A0AJ1540101,15,6-Nov-23,1,MCD,30-JUL-24*21040506229220240717*CRACKS DOOR & SIDE *FULL CTN*RIYADH FWH*6433649,332,"1,269","1,269",Dining,Sideboards & Mirror,2499,499,80%
166902952,Norris Office Desk - HG White,R20255001248945,7A0AJ1540101,15,12-Jan-26,1,MCD,31-JAN-26*68241583656*DAMAGE TOP DD*FULL CTN*RIYADH FWH*8916826,333,287,287,#N/A,#N/A,#N/A,#N/A,#N/A
163814701,Torya 180x200 King Bed - Footboard left right travet base bottom/HB assembly metal,222420000000763417,7A0AJ1540101,15,7-Feb-26,1,MCD,,331,499,499,#N/A,#N/A,#N/A,#N/A,#N/A
167109452,BP Stanton TV Unit - Charcoal c3,R20265001302673,7A0AJ1540101,15,28-Oct-25,1,MCD,12-MAY-26*21036512419120260501*MISSING CENTRPANEL*FULL CTN*RIYADH FWH*9366806,333,339,339,#N/A,#N/A,#N/A,#N/A,#N/A
164320423,Kourtney 6 door Swing Wardrobe - Shelves/Internl Drwrs/Hrdwre,222420000000752997,7A0AJ1540101,15,18-May-26,1,MCD,25-MAY-26*68253048917*DAMAGE TD*FULL CTN*RIYADH FWH*9421373,331,675,675,#N/A,#N/A,#N/A,#N/A,#N/A
166414603,Brea 4 Seater Dining Table Top - White Marble,222420000000616860,7A0AJ1540101,14,29-Dec-25,1,MCD,21-MAY-2026*3440568*21036*CPR2,332,692,692,#N/A,#N/A,#N/A,#N/A,#N/A
165794905,Kris 6 Seater Dining Table Top - White and Black,222420000000834619,7A0AJ1540101,15,26-Feb-26,1,MCD,07-MAR-2026*R1-9384621049*CUSTMER RETURN*JIZAN*GTM NO(029043),332,294,294,#N/A,#N/A,#N/A,#N/A,#N/A
166841589,BP Heaven 8 Seater Dining Top - White Marble,222420000000703478,7A0AJ1540101,15,4-Feb-26,1,MCD,,332,"1,011","1,011",Dining,8 Seater,1949,1949,0%
167839278,Paolo 8 Seater Dining Table Top- Beige and Walnut,R20265001201740,7A0AJ1540101,15,4-Sep-25,1,MCD,26-MARCH-26*68248122226*DAMAGE MARBLE TOP DD* FULL CTN*RIYADH FWH*9184702,332,"1,410","1,410",#N/A,#N/A,#N/A,#N/A,#N/A
167533566,Jay 3 Doors Shoe Cabinet with Drawer- Ivory Oak,R20265001302304,7A0AJ1540101,15,23-Dec-25,1,MCD,30-APR-26*68250498156*QUALITY ISSUE TOP FRONT PATTI COLOR REMOVE*FULL CTN*ABHA  FWH*9320591,331,298,298,Bedroom,Shoe Racks,749,749,0%
165767106,Nordic 6 Seater Dining Table -Base,R20265001202656,7A0AJ1540101,15,23-Jun-25,1,MCD,13-MAR-26*21042161133620260223*DAMAGE LEG DD*FULL CTN*RIYADH FWH*9100033,332,542,542,#N/A,#N/A,#N/A,#N/A,#N/A
166548114,Santiago Console Table Top - 1,R20265001302747,7A0AJ1540101,15,28-Jan-26,1,MCD,14-MAY-26*21045201647520260506*DAMAGE BASE DD* FULL CTN*BURAIDHA FWH*9377236,333,468,468,#N/A,#N/A,#N/A,#N/A,#N/A
166689885,Sven Dining Chair - Tan and Black,22240000000184147,7A0AJ1540101,15,14-Oct-25,1,MCD,,332,0,0,Dining,Chairs,449,449,0%
166689885,Sven Dining Chair - Tan and Black,22240000000184148,7A0AJ1540101,15,14-Oct-25,1,MCD,,332,0,0,Dining,Chairs,449,449,0%
165610259,Reflex  4 Seater Dining Table- Oak,222420000000832104,7A0AJ1540101,15,4-Mar-26,1,MCD,11-APR-2026*68240600685*CUSTOMER RETURN*RYD*GTM NO (064774),332,277,277,#N/A,#N/A,#N/A,#N/A,#N/A
167651949,Zoya 5-in-1 Convertible Cot - Carton 2 -White/Oak,R20265001304118,7A0AJ1540101,15,14-Feb-26,1,MCD,26-MAY-26*68252742425*DAMAGE DD*FULL CTN*RIYADH FWH*9425887,361,362,362,#N/A,#N/A,#N/A,#N/A,#N/A
166750209,Accalia 16 Pair Shoe Cabinet - Coffee Brown,222420000000809605,7A0AJ1540101,15,5-Dec-25,1,MCD,POSPONED VEHICAL INTANSIT DAMAGE,331,373,373,Bedroom,Shoe Racks,999,999,0%
167262727,Zarra 10 Seater Dining Table - Antique Walnut and Black,222420000000866504,7A0AJ1540101,15,4-Oct-25,1,MCD,,332,"1,291","1,291",Dining,10 Seater & Above,2999,599,80%
167777408,Warden New 2 Seater Dining Top - Grey and Chrome,R20265001303048,7A0AJ1540101,15,10-Jul-25,1,MCD,24-MAY-26*68252934513*DAMAGE TOP DD*FULL CTN*TABUK FWH*9418114,332,177,177,#N/A,#N/A,#N/A,#N/A,#N/A
161925412,Skye 2 Door 2 Drawer Wardrobe-1/2,222420000000600387,7A0AJ1540101,15,14-Sep-25,1,MCD,FLOOR HANDALING DAMAGE,361,232,232,#N/A,#N/A,#N/A,#N/A,#N/A
168089475,Astana 6 Seater Dining Table Top - Black and White,R20265001303755,7A0AJ1540101,15,19-Aug-25,1,MCD,09-JUNE-26*21042161225820260505*DAMAGE TOP TD*FULL CTN*RIYADH FWH*9473974,332,470,470,#N/A,#N/A,#N/A,#N/A,#N/A
164479587,Jamie Chest of 5 Drawerres - Grey/Oak,R20265001303634,7A0AJ1540101,15,8-Feb-26,1,MCD,17-JUNE-26*6126060366923*DAMAGE 1 PC SET RAILING DD*1 PC SET RAILING*RIYADH FWH*9506782,331,387,387,Bedroom,Chest Of Drawers,1099,769,30%
164426182,Evelyn 3Dr Wdrb-4/4,222420000000859397,7A0AJ1540101,15,14-Mar-26,1,MCD,24-MAR-26*68247712930*MISSING TOP DECOR*FULL CTN*RIYADH FWH*9172950,361,342,342,#N/A,#N/A,#N/A,#N/A,#N/A
168138445,Noor - Dresser - Carton 2,R20265001302769,7A0AJ1540101,15,14-Feb-26,1,MCD,,361,366,366,#N/A,#N/A,#N/A,#N/A,#N/A
168543685,Botham Coffee Table-Beige/Walnut-1,R20265001303036,7A0AJ1540101,15,15-Feb-26,1,MCD,23-MAY-26*68252761078*DAMAGE MARBLE TOP DD*FULL CTN*RIYADH FWH*9413626,334,643,643,#N/A,#N/A,#N/A,#N/A,#N/A
164424699,BP-Falcon 100 x 50 cms corner unit - Side/base/Top,222420000000757200,7A0AJ1540101,15,15-Apr-25,1,MCD,POSPONED VEHICAL INTANSIT DAMAGE,331,619,619,#N/A,#N/A,#N/A,#N/A,#N/A
168602944,Parlin 6 Seater Dining Table Top - Gold,R20265001302544,7A0AJ1540101,15,27-Jan-26,1,MCD,09-MAY-26*21037201417820260501*DAMAGE TOP  DD*FULL CTN*TABUK   FWH*9355459,332,675,675,#N/A,#N/A,#N/A,#N/A,#N/A
164826414,Anasa bed bench - Oak/beige/brass,R20265001303656,7A0AJ1540101,15,20-Feb-26,1,MCD,13-JUNE-26*6126060155243*DAMAGE SIDE DD*FULL CTN*RIYADH FWH*9491442,331,605,605,Bedroom,Benches & Storage,1299,1299,0%
163815643,Nuevo 8 Seater Dining Table Top - Walnut,R20265001202035,7A0AJ1540101,15,28-Feb-26,1,MCD,06-APR-26*21036515801520260328*DAMAGE MARBLE TOP DD* FULL CTN*RIYADH FWH*9228673,332,"1,057","1,057",#N/A,#N/A,#N/A,#N/A,#N/A
160058709,Redford Dining table - Dark Oak,R20265001201592,7A0AJ1540101,15,3-Jan-26,1,MCD,24-MAR-26*40032201949320260313*DAMAGE LEG DD* FULL CTN*ABHA FWH*9172125,332,513,513,#N/A,#N/A,#N/A,#N/A,#N/A
165648747,Noah Door panels3/3,R20265001303845,7A0AJ1540101,15,21-Dec-25,1,MCD,07-JUNE-26*40034204361120260530* PART NO. O QI*MISSING*JOUF FWH*9463164,361,192,192,#N/A,#N/A,#N/A,#N/A,#N/A
165796144,Venice 6 Drawer Dresser - Carcass,22240000000729058,7A0AJ1540101,15,12-May-25,1,MCD,30-MAR-2026*40032202114520250101*CUSTOMER RETURN*RYD*GTM(058783),331,270,270,#N/A,#N/A,#N/A,#N/A,#N/A
168469264,Fanous Dining Side Chair - Gold,22240000000553500,7A0AJ1540101,15,12-Nov-25,1,MCD,,332,199,199,Dining,Chairs,449,449,0%
165710577,Cayman Dining Chair - Antique Oak and White,22240000000084023,7A0AJ1540101,15,23-Dec-24,1,MCD,FLOOR HANDALING DAMAGE,332,364,364,#N/A,#N/A,#N/A,#N/A,#N/A
167926633,Rudnick new Accent chair ts - Beige,222420000000835596,7A0AJ1540101,15,2-Mar-26,1,MCD,11-APR-2026*R1-9454321036*CUSTOMER RETURN*RYD*GTM NO (064771),332,258,258,#N/A,#N/A,#N/A,#N/A,#N/A
162660497,Ripple 6 door Wardrobe - Light Taupe/Muted Gold - drawers internals/hardware,R20265001303105,7A0AJ1540101,15,17-Dec-24,1,MCD,25-MAY-26*21036699356820260516*MISSING*FULL SET HARDWARE WITH REELING HINGES HANDLE MISSING*RIYADH FWH*9418869,331,270,270,#N/A,#N/A,#N/A,#N/A,#N/A
165794904,Kris 6 Seater Dining Chair - White and Black,222420000000813021,7A0AJ1540101,15,13-Apr-26,1,MCD,16-APR-2026*R1-9537921042*CUSTOMER RETURN*RYD*GTM NO (064638),332,217,217,#N/A,#N/A,#N/A,#N/A,#N/A
165794904,Kris 6 Seater Dining Chair - White and Black,222420000000813020,7A0AJ1540101,15,13-Apr-26,1,MCD,16-APR-2026*R1-9537921042*CUSTOMER RETURN*RYD*GTM NO (064638),332,217,217,#N/A,#N/A,#N/A,#N/A,#N/A
165617337,Olino coffee table - White/Oak - Top,R20265001303573,7A0AJ1540101,15,26-Dec-25,1,MCD,15-JUNE-26*6126060925050*DAMAGE TOP DD*FULL CTN*RIYADH FWH*9498233,334,888,888,#N/A,#N/A,#N/A,#N/A,#N/A
168403556,Sarnia Tv unit - 1,R20265001303560,7A0AJ1540101,15,3-Dec-25,1,MCD,15-JUNE-26*21036511592720260605*DAMAGE TOP CERAMICS DD*FULL CTN*RIYADH FWH*9498515,333,649,649,#N/A,#N/A,#N/A,#N/A,#N/A
168297948,Maritus Dining Fabric Arm Chair Base - Rusty,222420000000574008,7A0AJ1540101,15,9-Feb-26,1,MCD,11-APR-2026*R1-9407721036*CUSTOMER RETURN*RYD*GTM NO (064836),332,134,134,#N/A,#N/A,#N/A,#N/A,#N/A
159831078,Optec Night Stand-Oak,222420000000813815,7A0AJ1540101,15,22-Jul-25,1,MCD,FLOOR HANDALING DAMAGE,331,179,179,Bedroom,Night Stands,349,349,0%
165997008,BP Stanton 8 Seater Marble Frame - White,22240000000317768,7A0AJ1540101,15,18-Aug-25,1,MCD,31-MAR-2026*4003220140152025018*CUSTOMER RETURN*ABHA*RTDO*GTM(058816),332,359,359,#N/A,#N/A,#N/A,#N/A,#N/A
160033903,Adele 6 Dr Wardrobe (DRAWER BOX),R20265001303981,7A0AJ1540101,15,29-Apr-24,1,MCD,06-JUNE-26*6126052643385* MISSING*LOCK SET*JIZAN FWH*9449161,331,509,509,#N/A,#N/A,#N/A,#N/A,#N/A
165928811,BP Stanton 8 Seater Veneer Table Top - Charcoal,222420000000694522,7A0AJ1540101,15,12-Jan-26,1,MCD,,332,829,829,Dining,8 Seater,1499,1499,0%
168403568,Sarnia Coffee Table - Grey/Black-1,222420000000616859,7A0AJ1540101,14,29-Dec-25,1,MCD,21-MAY-2026*3440568*21036*CPR2,334,649,649,#N/A,#N/A,#N/A,#N/A,#N/A
167025187,Otis 2 door large Sliding Wardrobe with mirror - side panels/shleves/handles/internal dividers,R20265001303962,7A0AJ1540101,15,13-Nov-25,1,MCD,03-JUNE-26*68253046045*FULL HARDWARE MISSING QI *FULL CTN*RIYADH FWH*9448411,331,379,379,#N/A,#N/A,#N/A,#N/A,#N/A
158602466,Dublin 120x200 Bed - BED LEFT SIDE/2 STRIP/BED RIGHT SIDE /HARDWARE/HARDWARE BAG/MANUAL,3R20265001302829,7A0AJ1540101,15,19-Apr-26,1,MCD,18-MAY-26*68251932696*MISSING*HARDWARE*RIYADH FWH*9391088,331,260,260,#N/A,#N/A,#N/A,#N/A,#N/A
168297950,Maritus Dining Fabric Arm Chair Seat - Rusty,222420000000574010,7A0AJ1540101,15,9-Feb-26,1,MCD,11-APR-2026*R1-9407721036*CUSTOMER RETURN*RYD*GTM NO (064836),332,136,136,#N/A,#N/A,#N/A,#N/A,#N/A
168297950,Maritus Dining Fabric Arm Chair Seat - Rusty,222420000000574012,7A0AJ1540101,15,9-Feb-26,1,MCD,11-APR-2026*R1-9407721036*CUSTOMER RETURN*RYD*GTM NO (064836),332,136,136,#N/A,#N/A,#N/A,#N/A,#N/A
168297950,Maritus Dining Fabric Arm Chair Seat - Rusty,222420000000574013,7A0AJ1540101,15,9-Feb-26,1,MCD,11-APR-2026*R1-9407721036*CUSTOMER RETURN*RYD*GTM NO (064836),332,136,136,#N/A,#N/A,#N/A,#N/A,#N/A
168297948,Maritus Dining Fabric Arm Chair Base - Rusty,222420000000574004,7A0AJ1540101,15,9-Feb-26,1,MCD,11-APR-2026*R1-9407721036*CUSTOMER RETURN*RYD*GTM NO (064836),332,134,134,#N/A,#N/A,#N/A,#N/A,#N/A
159831092,Optec 4Dr Wdrb-Oak-1,R20265001303708,7A0AJ1540101,15,22-Jul-25,1,MCD,10-JUNE-26*6126053063255*MISSING QI*2PCS DRAWER SIDE PATTI RIGHT + LEFT PART 24*JOUF FWH*9479940,331,433,433,#N/A,#N/A,#N/A,#N/A,#N/A
164289683,Bayonne End Table - Black/Glass,222420000000811283,7A0AJ1540101,15,16-Apr-26,1,MCD,,334,126,126,Sofas & Tables,End Tables,349,349,0%
167488758,Credence Coffee Table High - Top,222420000000752637,7A0AJ1540101,15,14-May-26,1,MCD,,334,176,176,#N/A,#N/A,#N/A,#N/A,#N/A
167041879,BP Heaven Dining Chair - Grey,222420000000752626,7A0AJ1540101,15,14-May-26,1,MCD,,332,145,145,Dining,Chairs,279,279,0%
166643881,Camden Fabric Guard Rail - Pink,R20265001302950,7A0AJ1540101,15,3-Feb-26,1,MCD,20-MAY-26*40032202821420260513*DAMAGE CLOTHES  DD*FULL CTN*ABHA FWH*9401495,361,78,78,Kids Furniture,Kids Bedroom Accessories,219,219,0%
163815643,Nuevo 8 Seater Dining Table Top - Walnut,R20265001202646,7A0AJ1540101,15,19-Jul-25,1,MCD,23-APR-26*21036515897820260418*DAMAGE MARBLE TOP DD* FULL CTN*RIYADH FWH*9297052,332,"1,057","1,057",#N/A,#N/A,#N/A,#N/A,#N/A
167041848,Ela Bar Chair with Arm - Beige and Brass,R20265001302736,7A0AJ1540101,15,2-Apr-26,1,MCD,14-MAY-26*21036515997320260508*DAMAGE ARM DD* FULL CTN*RIYADH FWH*9375609,332,339,339,Dining,Bar Chair & Stools,729,729,0%
165717634,Sammy Compact Book case - White,222420000000800885,7A0AJ1540101,15,9-Jun-24,1,MCD,,333,166,166,Living,Bookcases & Storage,399,79,80%
168493375,Ollie 2x3 Tier Cabinet - White,222420000000801320,7A0AJ1540101,15,22-Nov-25,1,MCD,23-MAY-26*68251642145*MISSING*PLASTIC RAILING 1 PC*RIYADH FWH*9414958,361,165,165,Kids Furniture,Kids Storage,359,359,0%
166111150,Lucas 3 Drawer 1 Door Dresser - White/Grey,R20265001302715,7A0AJ1540101,15,17-Sep-25,1,MCD,13-MAY-26*21040203810520260504*QUALITY ISSUE ALL DRWR FRONT SMALL SIZE*FULL CTN*RIYADH FWH*9372974,361,418,418,Kids Furniture,Kids Dressing Tables & Mirrors,949,949,0%
166548090,Herald coffee table - Walnut,R20265001302985,7A0AJ1540101,15,13-Jan-26,1,MCD,21-MAY-26*21036515040320260516*DAMAGE TD*FULL CTN*RIYADH FWH*9405654,334,718,718,Sofas & Tables,Coffee Tables,1599,1599,0%
166041622,Melissa 4 Drawer/2 Door Dresser With Mirror - dresser,R20265001302528,7A0AJ1540101,15,2-Mar-26,1,MCD,07-MAY-26*40032202769620260406*DAMAGE TOP MARBLE DD*FULL CTN*ABHA FWH*9346451,331,"1,044","1,044",#N/A,#N/A,#N/A,#N/A,#N/A
168124982,Melissa High Back Study Chair - Tan/Chrome,R20265001302754,7A0AJ1540101,15,7-Jul-25,1,MCD,14-MAY-26*21036515011420260511*DAMAGE DD*FULL CTN*RIYADH FWH*9374345,333,501,501,Living,Study Chairs,1199,1199,0%
165361128,Foresta 2 door Sliding wardrobe-Accessories,222420000000580100,7A0AJ1540101,15,3-Feb-26,1,MCD,15-JUNE-26*21036515128820260605*MISSING QI*HYDRAULIC PART NBR( 104655)*RIYADH FWH*9500892,331,235,235,#N/A,#N/A,#N/A,#N/A,#N/A
165794905,Kris 6 Seater Dining Table Top - White and Black,22240000000187922,7A0AJ1540101,15,9-Dec-25,1,MCD,,332,294,294,#N/A,#N/A,#N/A,#N/A,#N/A
167041846,Ela Dining Chair - Beige and Brass,222420000000564440,7A0AJ1540101,15,18-Feb-26,1,MCD,21-FEB-2026*401216225692202512122*RIYADH*CUSTOMER RETURN*GTM 064850,332,245,245,Dining,Chairs,599,599,0%
165610258,Reflex  Dining Chair - Oak,222420000000832102,7A0AJ1540101,15,4-Mar-26,1,MCD,11-APR-2026*68240600685*CUSTOMER RETURN*RYD*GTM NO (064774),332,220,220,#N/A,#N/A,#N/A,#N/A,#N/A
168959042,Verto 180x200 King Bedset With 2 Nightstands and hydraulic storage - Hydraulic,R20265001302327,7A0AJ1540101,15,7-Mar-26,1,MCD,02-MAY-26*21040504760320260423*QUALITY ISSUE HYDRAULIC MACHINE ISSUE* FULL CTN*RIYADH FWH*9324004,331,303,303,#N/A,#N/A,#N/A,#N/A,#N/A
165610258,Reflex  Dining Chair - Oak,222420000000813115,7A0AJ1540101,15,4-Mar-26,1,MCD,,332,220,220,#N/A,#N/A,#N/A,#N/A,#N/A
168138378,Conway Gaming Desk-Black/Red,222420000000561214,7A0AJ1540101,15,18-Feb-26,1,MCD,03-JUNE-26*68252040213*DAMAGE CORNER TOP DD*FULL CTN*RIYADH FWH*9447611,361,195,195,Kids Furniture,Kids Desks,449,449,0%
160033902,Adele 6 Dr Wardrobe (SHELVES & HANGER),R20265001303945,7A0AJ1540101,15,9-Sep-25,1,MCD,06-JUNE-26*6126052643385*MISSING*HHANGER 2 PC*JIZAN FWH*9449161,331,458,458,#N/A,#N/A,#N/A,#N/A,#N/A
168404972,Jack Side and Center Panel - 90x200cm - Carton 2,222420000000838592,7A0AJ1540101,15,31-Mar-26,1,MCD,06-JUNE-26*68252969262* MISSING QI*PART NO.L*RIYADH FWH*9454262,361,174,174,#N/A,#N/A,#N/A,#N/A,#N/A
165872265,BP-Medley 4 door Swing Wardrobe - TOP/DRAWER BOX/HARDWARE/BOTTOM PANEL WW,R20265001302781,7A0AJ1540101,15,11-Mar-26,1,MCD,16-MAY-26*21049201694420260509*DAMAGE & HARDWARE MISSING*FULL CTN *JIZAN FWH*9380106,331,522,522,#N/A,#N/A,#N/A,#N/A,#N/A
164289653,Alexandra coffee table - Brown,R20265001302482,7A0AJ1540101,15,8-Feb-26,1,MCD,06-MAY-26*40032201921320260225*CCC APPROVAL DAMAGE BASE*FULL CTN*ABHA FWH*9345123,334,661,661,Sofas & Tables,Coffee Tables,1899,1899,0%
167156171,Adam Dining Chair - Beige and Walnut,R20265001302450,7A0AJ1540101,15,14-Feb-26,1,MCD,19-MAY-26*68252358176*WRONG PICKING  BOTH LEG LEFT & BUSH 8 PCS MISSING*RIGHT LEG*JOUF FWH*9394532,332,194,194,Dining,Chairs,499,499,0%
163421382,Arc Dining Chair - Grey and Black,22240000000248048,7A0AJ1540101,15,14-Jul-25,1,MCD,,332,194,194,Dining,Chairs,549,549,0%
164375211,Lawson Platform bed 90x200-4/4,222420000000757484,7A0AJ1540101,15,8-Apr-24,1,MCD,,361,221,221,#N/A,#N/A,#N/A,#N/A,#N/A
168543685,Botham Coffee Table-Beige/Walnut-1,R20265001302858,7A0AJ1540101,15,15-Feb-26,1,MCD,17-MAY-26*68252062825*DAMAGE TD*FULL CTN*RIYADH FWH*9388488,334,643,643,#N/A,#N/A,#N/A,#N/A,#N/A
167156169,Adam High Chair - Brown and Walnut,222420000000839388,7A0AJ1540101,14,28-Apr-26,1,MCD,23-MAY-2026*3520355*21045*BURAIDH,332,199,199,Dining,Chairs,499,499,0%
165795976,Bolzano coffee table - Grey/Black 2,222420000000839375,7A0AJ1540101,14,28-Apr-26,1,MCD,23-MAY-2026*3520355*21045*BURAIDH,334,405,405,#N/A,#N/A,#N/A,#N/A,#N/A
165794904,Kris 6 Seater Dining Chair - White and Black,222420000000813022,7A0AJ1540101,15,13-Apr-26,1,MCD,16-APR-2026*R1-9537921042*CUSTOMER RETURN*RYD*GTM NO (064638),332,217,217,#N/A,#N/A,#N/A,#N/A,#N/A
155536956,Tanessy High back executive Chair - Dark Brown,R20265001302581,7A0AJ1540101,15,18-Jan-26,1,MCD,11-MAY-26*68251821040*MISSING*HARDWARE*RIYADH   FWH*9362219,333,359,359,Living,Study Chairs,999,999,0%
164441655,Atrisa coffee table - Gold,222420000000894235,7A0AJ1540101,15,12-Dec-25,1,MCD,,334,947,947,Sofas & Tables,Coffee Tables,2199,2199,0%
165767107,Nordic 6 Seater Dining Table -Top,222420000000703268,7A0AJ1540101,15,22-Sep-25,1,MCD,"""16-APR-2026*R1-8679821040*CUSTOMER RETURN*RYD*GTM NO (048964)""",332,545,545,#N/A,#N/A,#N/A,#N/A,#N/A
168492293,Dice Coffee Table Curve (Set of 2) - Smoked Oak,R20265001303985,7A0AJ1540101,15,3-Dec-25,1,MCD,02-JUNE-26* 6126052226496 *DAMAGE  TD *FULL CTN*RIYADH FWH*9443175,334,550,550,Sofas & Tables,Coffee Tables,1299,1299,0%
165663236,Charcoal Ottoman - Grey,222420000000616865,7A0AJ1540101,14,29-Dec-25,1,MCD,21-MAY-2026*3440568*21036*CPR2,333,113,113,Living,Benches & Ottomans,249,249,0%
166547891,Maxillar Mirror,222420000000601918,7A0AJ1540101,15,27-Feb-25,1,MCD,,361,111,111,Kids Furniture,Kids Dressing Tables & Mirrors,249,249,0%
164537221,Lyra 180x200 king base  SR/MR/SL,222420000000594266,7A0AJ1540101,15,2-Feb-26,1,MCD,14-MAY-26*40032202810520260505*MISSING*CENTRE LEG 3 PCS*ABHA FWH*9377341,331,261,261,#N/A,#N/A,#N/A,#N/A,#N/A
167599490,Amirah Chest of 4 drawers - Leg,222420000000819899,7A0AJ1540101,15,26-Mar-26,1,MCD,,331,159,159,#N/A,#N/A,#N/A,#N/A,#N/A
168060792,BP Stanton Coffee Table Marble Top - Beige,R20265001302913,7A0AJ1540101,15,9-Aug-25,1,MCD,19-MAY-26*21040506207920260513*DAMAGE MARBLE TOP DD*FULL CTN*RIYADH FWH*9396167,334,462,462,Sofas & Tables,Coffee Tables,999,999,0%
165904522,Nova 10 Seater Dining Chair - Oak,R20265001302937,7A0AJ1540101,15,28-Feb-26,1,MCD,19-MAY-26*40038107662020260511*MISSING*BACKREST 1 PC*JOUF FWH*9396084,332,402,402,#N/A,#N/A,#N/A,#N/A,#N/A
168297950,Maritus Dining Fabric Arm Chair Seat - Rusty,222420000000574016,7A0AJ1540101,15,9-Feb-26,1,MCD,11-APR-2026*R1-9407721036*CUSTOMER RETURN*RYD*GTM NO (064836),332,136,136,#N/A,#N/A,#N/A,#N/A,#N/A
168234137,Lumi 180x200 King Bed - Bed panel,222420000000730550,7A0AJ1540101,15,4-Jun-26,1,MCD,14-JUNE-26*6126060907381*MISSING QI*HARDWARE*TABUK FWH*9495844,331,138,138,#N/A,#N/A,#N/A,#N/A,#N/A
166363160,Kenya New TV Unit – Black,222420000000756505,7A0AJ1540101,15,17-Jul-25,1,MCD,POSPONED VEHICAL INTANSIT DAMAGE,333,389,389,Living,Media Units,1199,239,80%
169033512,Verto Lift Top Coffee Table-Beige/Walnut,R20265001302953,7A0AJ1540101,15,18-May-26,1,MCD,20-MAY-26*21036515027520260514*DAMAGE MARBLE TOP DD*FULL CTN*RIYADH FWH*9398323,334,570,570,Sofas & Tables,Coffee Tables,999,999,0%
168529118,Edmonton Dining Arm Chair - Dark Walnut,R20265001302958,7A0AJ1540101,15,16-May-26,1,MCD,20-MAY-26*68252572424*WRONG PICKING LEFT LEG DOUBLE*RIGHT LEG *RIYADH FWH*9399599,332,351,351,Dining,Chairs,899,899,0%
167041846,Ela Dining Chair - Beige and Brass,222420000000564761,7A0AJ1540101,15,19-Feb-26,1,MCD,21-FEB-2026*401216225692202512122*RIYADH*CUSTOMER RETURN*GTM 064850,332,245,245,Dining,Chairs,599,599,0%
164826414,Anasa bed bench - Oak/beige/brass,R20265001303744,7A0AJ1540101,15,20-Feb-26,1,MCD,11-JUNE-26*6126060155243*DAMAGE SIDE DD*FULL CTN*RIYADH FWH*9480902,331,605,605,Bedroom,Benches & Storage,1299,1299,0%
168614100,Cloudie 3 Door Wardrobe New with 2 Drawers - Side Panels/Back Panels,R20265001304122,7A0AJ1540101,15,30-Dec-25,1,MCD,26-MAY-26*68252990347*DAMAGE DD*FULL CTN*RIYADH FWH*9425593,361,371,371,#N/A,#N/A,#N/A,#N/A,#N/A
164611944,Domani TV Unit - Off White - 2,R20265001303045,7A0AJ1540101,15,27-Mar-24,1,MCD,24-MAY-26*68252501045*DAMAGE  DD*FULL CTN*RIYADH FWH*9416983,333,324,324,#N/A,#N/A,#N/A,#N/A,#N/A
165358944,Winniepeg Dining Chair - Tan,R20265001201660,7A0AJ1540101,15,26-Jan-26,1,MCD,25-MARCH-26*68247853610*MISSING*BACKSUPPORT 2 PCS*RIYADH  FWH*9178842,332,133,133,Dining,Chairs,299,299,0%
167025165,Otis 2 door Sliding Wardrobe - base/top/shelves/set of rails/hang rods/accessories,R20265001302552,7A0AJ1540101,15,19-Apr-26,1,MCD,25-MAY-26*21036515953920260430*MISSING*TOP PATTI *RIYADH FWH*9418812,331,326,326,#N/A,#N/A,#N/A,#N/A,#N/A
167207605,Nexus 8 Seater Dining Table Base- Dark Walnut and Gold,222420000000812808,7A0AJ1540101,15,12-Feb-25,1,MCD,FLOOR HANDALING DAMAGE,332,"1,075","1,075",#N/A,#N/A,#N/A,#N/A,#N/A
163815751,Brampton Coffee Table - Black,222420000000756319,7A0AJ1540101,15,31-Mar-26,1,MCD,23-MAY-26*68251642145*DAMAGE DD*FULL CTN*RIYADH FWH*9407719,334,599,599,Sofas & Tables,Coffee Tables,1399,1399,0%
168116383,Zen 5 door Swing Wardrobe?- Shelf panels,R20265001302513,7A0AJ1540101,15,14-Mar-26,1,MCD,07-MAY-26*68251247741*MISSING 2 PC HANDLE & 1 PC SHELF PART (G)*FULL CTN*RIYADH FWH*9346251,331,317,317,#N/A,#N/A,#N/A,#N/A,#N/A
168297948,Maritus Dining Fabric Arm Chair Base - Rusty,222420000000574002,7A0AJ1540101,15,9-Feb-26,1,MCD,11-APR-2026*R1-9407721036*CUSTOMER RETURN*RYD*GTM NO (064836),332,134,134,#N/A,#N/A,#N/A,#N/A,#N/A
164959830,Stark 6- Drawers Dresser With Mirror - DRESSER,R20265001203085,7A0AJ1540101,15,21-Dec-25,1,MCD,09-APR-26*21445201405920260404*QUALITY ISSUE LEFT FRONT DOUBLE *RIGHT FRONT 2 PCS*ABHA FWH*9243102,331,612,612,#N/A,#N/A,#N/A,#N/A,#N/A
166506028,Fulton end table - Walnut/Black,R20265001302975,7A0AJ1540101,15,28-Dec-25,1,MCD,21-MAY-26*40127162458920260514*MISSING*STEEL 6 PCS*ABHA FWH*9403697,334,188,188,Sofas & Tables,End Tables,449,449,0%
168614101,Cloudie 3 Door Wardrobe New with 2 Drawers - Bottom Panels,222420000000619016,7A0AJ1540101,15,30-Dec-25,1,MCD,02-JUNE-26*6126052418199*MISSING*2 PC MAGNET*BURAIDHA FWH*9443290,361,371,371,#N/A,#N/A,#N/A,#N/A,#N/A
168922701,BP Heaven Round/ Square End Table Leg- Black,222420000000877608,7A0AJ1540101,15,24-Feb-26,1,MCD,"26-MAY-26*21036515051320260518*MISSING TOP JOUNT STEEL PARTS NO D*1PC,E 1PC,C 1PC*RIYADH FWH*9426021",334,159,159,Sofas & Tables,End Tables,299,299,0%
168959029,Verto 160x200 Queen bedset with 2 Nightstands and Hydraulic storage - Bedbase,R20265001302978,7A0AJ1540101,15,6-Mar-26,1,MCD,21-MAY-26*68251322583*QUALITY ISSUE HB LIGHT TOUCH SWITCH NOT WORKING (PART ID - R1+R2) *FULL CTN*TABUK FWH*9405564,331,283,283,#N/A,#N/A,#N/A,#N/A,#N/A
165358944,Winniepeg Dining Chair - Tan,R20265001201659,7A0AJ1540101,15,26-Jan-26,1,MCD,25-MARCH-26*68247853610*MISSING*BACKSUPPORT 2 PCS*RIYADH  FWH*9178842,332,133,133,Dining,Chairs,299,299,0%
165794904,Kris 6 Seater Dining Chair - White and Black,222420000000777122,7A0AJ1540101,15,29-Jan-26,1,MCD,FLOOR HANDALING DAMAGE,332,217,217,#N/A,#N/A,#N/A,#N/A,#N/A
169033512,Verto Lift Top Coffee Table-Beige/Walnut,222420000000730887,7A0AJ1540101,15,20-Apr-26,1,MCD,07-JUNE-26*68250788925*DAMAGE TOP CERAMIC TD*FULL CTN*RIYADH FWH*9465865,334,570,570,Sofas & Tables,Coffee Tables,999,999,0%
165794905,Kris 6 Seater Dining Table Top - White and Black,R20265001201706,7A0AJ1540101,15,25-Mar-26,1,MCD,05-APR-26*40111500496420250520*CCC APPROVAL OP ADAPTER REMOVED (LEGS JOINT)*FULL CTN*HAIL FWH*9223511,332,294,294,#N/A,#N/A,#N/A,#N/A,#N/A
162442523,BP Hardy C-Side Table - Black,R20265001302375,7A0AJ1540101,15,22-Jul-25,1,MCD,03-MAY-26*68249391903*CCC COMPLAINT TOP BEND* FULL CTN*RIYADH FWH*9329099,333,117,117,Living,Nesting & Accent Tables,229,229,0%
165937005,Maison 6 Drawer Dresser With Mirror - Top/front/Bottom/Back,222420000000775794,7A0AJ1540101,15,24-Jan-26,1,MCD,,331,793,793,#N/A,#N/A,#N/A,#N/A,#N/A
162820024,Chevron  120x200 Bed - HEADBOARD-FOOTBOARD-MATTRESS PANEL-HARDWARE,R20265001303670,7A0AJ1540101,15,4-Jun-26,1,MCD,13-JUNE-26*6126060805674*DAMAGE H/B TD*FULL CTN*RIYADH FWH*9491003,331,306,306,#N/A,#N/A,#N/A,#N/A,#N/A
168569583,Qila Dining Chair - PU,R20265001302821,7A0AJ1540101,15,29-Jan-26,1,MCD,14-MAY-26*21036515011420260511*DAMAGE DD*FULL CTN*RIYADH FWH*9374345,332,279,279,Dining,Chairs,699,699,0%
166041619,Melissa 2 Drawer Night Stand - Walnut/Ivory,R20265001303748,7A0AJ1540101,15,4-Feb-26,1,MCD,09-JUNE-26*21040680335520260605*DAMAGE TOP CERAMIC TD*FULL CTN*RIYADH FWH*947959,331,575,575,Bedroom,Night Stands,1199,1199,0%
165045532,Nova 180x200 King Bed with Hydraulic-Siderail,R20265001303613,7A0AJ1540101,15,26-Jul-25,1,MCD,14-JUNE-26*6126060470397*HB HOLE MISS MATCH & SOME HARDWARE MISSING & PART NBR (K & J) WOOD MISSING QI*FULL CTN*RIYADH FWH*9494759,331,280,280,#N/A,#N/A,#N/A,#N/A,#N/A
167797841,Mondo Coffee Table - Walnut/Warm Grey,R20265001304093,7A0AJ1540101,15,18-Apr-26,1,MCD,26-MAY-26*6126052207637*DAMAGE TOP DD*FULL CTN*RIYADH FWH*9425974,334,563,563,Sofas & Tables,Coffee Tables,1299,1299,0%
165794906,Kris 6 Seater Dining table Base - White and Black,222420000000813019,7A0AJ1540101,15,13-Apr-26,1,MCD,16-APR-2026*R1-9537921042*CUSTOMER RETURN*RYD*GTM NO (064638),332,290,290,#N/A,#N/A,#N/A,#N/A,#N/A
165405162,BP Trixia Dining Chair - Beige,222420000000703638,7A0AJ1540101,15,9-Jul-25,1,MCD,,332,87,87,Dining,Chairs,179,179,0%
160058707,Redford Dining Arm Chair-Dark Oak,222420000000818532,7A0AJ1540101,15,15-Feb-26,1,MCD,29-MAR-26*40032201748220251209*DAMAGE & MISSING*ARM 2 PCS*ABHA FWH*9195721,332,385,385,#N/A,#N/A,#N/A,#N/A,#N/A
166898510,Berta Buffet - Oak/Black,R20265001302119,7A0AJ1540101,15,23-Jan-26,1,MCD,15-APR-26*68248841743*QUALITY ISSUE BOTH LEG SAME PART NO 4* FULL CTN*RIYADH FWH*9262424,332,314,314,Dining,Sideboards & Mirror,699,699,0%
166973697,Levi 4 Seater Dining Table - White wash,222420000000838079,7A0AJ1540101,15,9-Dec-24,1,MCD,POSPONED VEHICAL INTANSIT DAMAGE,332,326,326,Dining,4 Seater,849,849,0%
166277610,Bunsen 8 Seater Dining Set - Walnut-Top,R20255001249143,7A0AJ1540101,15,29-Sep-25,1,MCD,"""04-FEB-26*68242468363*DAMAGE*FULL CTN*RIYADH FWH*8938255""",332,377,377,#N/A,#N/A,#N/A,#N/A,#N/A
161608713,Colton 6 door wardrobe BOTTOM/DOORS/TOP/LEG,R20265001303760,7A0AJ1540101,15,19-Oct-25,1,MCD,17-JUNE-26*6126060716065*DAMAGE BASE DECOR 1 PC PART NBR(14) DD*PART*RIYADH FWH*9506777,331,527,527,#N/A,#N/A,#N/A,#N/A,#N/A
168133581,Petra 2 door Wide Sliding Wardrobe new - BASE AND TOP PANELS/MOPBOARD,R20265001303964,7A0AJ1540101,15,5-Oct-25,1,MCD,03-JUNE-26*6126052418416*DAMAGE PART TD *FULL CTN*RIYADH FWH*9448377,331,323,323,#N/A,#N/A,#N/A,#N/A,#N/A
160058709,Redford Dining table - Dark Oak,22240000000176097,7A0AJ1540101,15,8-Jul-25,1,MCD,FLOOR HANDALING DAMAGE,332,513,513,#N/A,#N/A,#N/A,#N/A,#N/A
168297950,Maritus Dining Fabric Arm Chair Seat - Rusty,222420000000574017,7A0AJ1540101,15,9-Feb-26,1,MCD,11-APR-2026*R1-9407721036*CUSTOMER RETURN*RYD*GTM NO (064836),332,136,136,#N/A,#N/A,#N/A,#N/A,#N/A
168180560,Frank 5 Door Swing Wardrobe -Shelf/Middle Panel 1&2&3/Shelf Panel/Box Side L&R/Box Side Bar/Back Support/Hardware/A.I,222420000000836933,7A0AJ1540101,15,23-Apr-26,1,MCD,14-MAY-26*40034160865520260510*MISSING*DRWR BOX SIDE SUPPORT 4 PCS*JOUF FWH*9376924,331,314,314,#N/A,#N/A,#N/A,#N/A,#N/A
168089475,Astana 6 Seater Dining Table Top - Black and White,R20265001303711,7A0AJ1540101,15,19-Aug-25,1,MCD,10-JUNE-26*21042161225820260505*DAMAGE MARBLE TOP TD*FULL CTN*RIYADH FWH*9479335,332,470,470,#N/A,#N/A,#N/A,#N/A,#N/A
168959468,Verto 4-6 Seater Extendable Dining Table Top - Beige and Walnut,R20265001303725,7A0AJ1540101,15,22-Apr-26,1,MCD,10-JUNE-26*21036515115420260602*DAMAGE TOP QI*FULL CTN*RIYADH FWH*9479751,332,840,840,#N/A,#N/A,#N/A,#N/A,#N/A
168807083,Qubba 200x200 Super King Bed with Hydraulic storage - side rails/footboard/fittings,222420000000840740,7A0AJ1540101,15,26-Feb-26,1,MCD,02-JUNE-26* 68252775473*MISSING*HARDWAR*RIYADH FWH*9441269,331,515,515,#N/A,#N/A,#N/A,#N/A,#N/A
169033512,Verto Lift Top Coffee Table-Beige/Walnut,R20265001302954,7A0AJ1540101,15,18-May-26,1,MCD,20-MAY-26*21040674451520260511*DAMAGE MARBLE TOP DD*FULL CTN*RIYADH FWH*9401479,334,570,570,Sofas & Tables,Coffee Tables,999,999,0%
165283509,Francisco TV Unit - Freijio/Off White,R20265001304128,7A0AJ1540101,15,20-Aug-25,1,MCD,26-MAY-26*68252805730*FIXING ERROR DAMAGE DOOR DD*FULL CTN*RIYADH FWH*9425067,333,315,315,Living,Media Units,999,699,30%
166944594,Bonaldo 10 Seater Dining Table Leg - Walnut and Gold,R20265001203052,7A0AJ1540101,15,22-Nov-25,1,MCD,09-APR-26*68249016372*DAMAGE BASE DD*RIYADH FWH*9239817,332,732,732,#N/A,#N/A,#N/A,#N/A,#N/A
166666342,Rubik Coffee Table - Oak/Black,222420000000757020,7A0AJ1540101,15,23-Jun-25,1,MCD,,334,542,542,Sofas & Tables,Coffee Tables,1099,1099,0%
165794904,Kris 6 Seater Dining Chair - White and Black,222420000000777121,7A0AJ1540101,15,29-Jan-26,1,MCD,FLOOR HANDALING DAMAGE,332,217,217,#N/A,#N/A,#N/A,#N/A,#N/A
168529855,Fanous 6 Seater Dining Table Top - White and Gold,222420000000703626,7A0AJ1540101,15,24-Jan-26,1,MCD,,332,330,330,#N/A,#N/A,#N/A,#N/A,#N/A
162873488,Eliana 12 Seater Dining Side Chair - White,222420000000601640,7A0AJ1540101,15,19-Sep-24,1,MCD,FLOOR HANDALING DAMAGE,332,576,576,Dining,Chairs,1299,389,70%
165636393,Charcoal Shoe Cabinet With Mirror - Bottom Top Shelf,22240000000236372,7A0AJ1540101,15,6-Sep-25,1,MCD,14-APR-26*68248324342*QUALITY ISSUE BOTH DOOR RIGHT SIDE *FULL CTN*RIYADH FWH*9260558,331,252,252,#N/A,#N/A,#N/A,#N/A,#N/A
167331648,Tamara Chest of 5 Drawers - BASE/DRAWER/DRAWER BACK/DRAWER SIDE/SUPPORT BAR/ LEGS/HW,222420000000801595,7A0AJ1540101,15,14-Mar-26,1,MCD,POSPONED VEHICAL INTANSIT DAMAGE,331,395,395,#N/A,#N/A,#N/A,#N/A,#N/A
168638931,Dahab 8 Seater Dining Table-Wanut/Gold-TOP,R20265001202761,7A0AJ1540101,15,1-Jan-26,1,MCD,20-APR-26*21042160915520260414*DAMAGE TOP  DD* FULL CTN*RIYADH FWH*9283925,332,"1,501","1,501",#N/A,#N/A,#N/A,#N/A,#N/A
167017405,Todd 3 Drawers & 1 Door Dresser with Mirror - Dresser,222420000000808572,7A0AJ1540101,15,21-Sep-24,1,MCD,17-MAY-26*68251893678*MISSING DOOR & DRWR BACKPANEL 3 PCS*FULL CTN*BURAIDHA FWH*9388631,331,144,144,#N/A,#N/A,#N/A,#N/A,#N/A
162833645,Ethel 8 Seater Dining Table - Top,222420000000812937,7A0AJ1540101,15,10-Jun-24,1,MCD,,332,"1,171","1,171",#N/A,#N/A,#N/A,#N/A,#N/A
165311095,Stafford CT/ET Set -Walnut,R20265001303749,7A0AJ1540101,15,8-Dec-25,1,MCD,09-JUNE-26*6126060366005*MISSING QI* LEG 1 PCS PART NO (2)*RIYADH FWH*9472507,334,212,212,Sofas & Tables,Coffee Tables,499,499,0%
168543683,Molle Side Table - Brown,R20265001302854,7A0AJ1540101,15,16-Feb-26,1,MCD,26-MAY-26*21036699348720260506*DAMAGE MARBLE DD*FULL CTN*RIYADH FWH*9426378,333,236,236,Living,Nesting & Accent Tables,549,549,0%
156996042,Casa 3-Tier Serving Trolley-Gold,222420000000839396,7A0AJ1540101,14,28-Apr-26,1,MCD,23-MAY-2026*3520355*21045*BURAIDH,333,600,600,Living,Serving Trolleys,1199,1199,0%
168064954,Mona 6 Drawer Dresser with Mirror - bottom/middle/side panels/drawer/back/bar,R20265001304101,7A0AJ1540101,15,19-Apr-26,1,MCD,01-JUN-26*68253078432*MISSING *HARDWARE*ABHA FWH*9427152,331,338,338,#N/A,#N/A,#N/A,#N/A,#N/A
164401168,BatMobile Car Bed 90X190 Single Bed-1/4,222420000000800806,7A0AJ1540101,15,18-Jul-25,1,MCD,,361,482,482,#N/A,#N/A,#N/A,#N/A,#N/A
165045533,Nova 180x200 King Bed with Hydraulic-Bedbase,R20265001302896,7A0AJ1540101,15,10-Mar-24,1,MCD,19-MAY-26*68251582229*MISSING PLASTIC 28 PCS*FULL CTN*RIYADH FWH*9372675,331,255,255,#N/A,#N/A,#N/A,#N/A,#N/A
165794904,Kris 6 Seater Dining Chair - White and Black,222420000000834616,7A0AJ1540101,15,26-Feb-26,1,MCD,07-MAR-2026*R1-9384621049*CUSTMER RETURN*JIZAN*GTM NO(029043),332,217,217,#N/A,#N/A,#N/A,#N/A,#N/A
168297950,Maritus Dining Fabric Arm Chair Seat - Rusty,222420000000574014,7A0AJ1540101,15,9-Feb-26,1,MCD,11-APR-2026*R1-9407721036*CUSTOMER RETURN*RYD*GTM NO (064836),332,136,136,#N/A,#N/A,#N/A,#N/A,#N/A
168297950,Maritus Dining Fabric Arm Chair Seat - Rusty,222420000000574015,7A0AJ1540101,15,9-Feb-26,1,MCD,11-APR-2026*R1-9407721036*CUSTOMER RETURN*RYD*GTM NO (064836),332,136,136,#N/A,#N/A,#N/A,#N/A,#N/A
168297948,Maritus Dining Fabric Arm Chair Base - Rusty,222420000000574003,7A0AJ1540101,15,9-Feb-26,1,MCD,11-APR-2026*R1-9407721036*CUSTOMER RETURN*RYD*GTM NO (064836),332,134,134,#N/A,#N/A,#N/A,#N/A,#N/A
167799339,Gradient TV Unit - Black,R20265001303720,7A0AJ1540101,15,25-May-25,1,MCD,10-JUNE-26*21036510445520260604*DAMAGE BASE DD*FULL CTN*RIYADH FWH*9476973,333,"1,245","1,245",Living,Media Units,2599,1559,40%
163483516,Stefan 2 Door Sliding Wardrobe - RIGHT DOOR WITH MIRROR 1 PC - BACKREST 2 PCS,22240000000553363,7A0AJ1540101,15,20-Oct-25,1,MCD,16-MAY-26*68251533408*DAMAGE DD*FULL CTN *RIYADH   FWH*9381190,331,967,967,#N/A,#N/A,#N/A,#N/A,#N/A
164424696,BP-Falcon 100 x 50 cms corner unit - Horizontal Panles/Ai manual,R20265001302737,7A0AJ1540101,15,14-Aug-25,1,MCD,13-MAY-26*68251580571*DAMAGE DD*FULL CTN*RIYADH FWH*9372778,331,223,223,#N/A,#N/A,#N/A,#N/A,#N/A
166813900,Lynn Dining Chair - Brown,R20255001248747,7A0AJ1540101,15,6-Jan-26,1,MCD,24-FEB-26*21037501013220260209*MISSING*LEG 1 PC*TABUK FWH*9056224,332,322,322,#N/A,#N/A,#N/A,#N/A,#N/A
165767146,Riga Buffet - Black,R20265001302983,7A0AJ1540101,15,31-Mar-26,1,MCD,21-MAY-26*68252439935*DAMAGE TD*FULL CTN*RIYADH FWH*9405641,332,"1,437","1,437",Dining,Sideboards & Mirror,3799,3799,0%
165274092,Display-Murano Blackout Roller Blinds 35x210cm Beige,C7922089,HC_DMG_STG16,11,11-Jun-26,1,MCD,,335,25,25,Mattresses,King Mattresses,0,0,0%
